ticker,company,sector
A,"Agilent Technologies, Inc.",Healthcare
AMR,nomatch,Misc
AAN,"Aaron's, Inc.",Services
AAP,"Advance Auto Parts, Inc.",Services
AAPL,Apple Inc.,Consumer Goods
ABBV,AbbVie Inc.,Healthcare
ABC,AmerisourceBergen Corporation,Services
ABI,nomatch,Misc
ABMD,"Abiomed, Inc.",Healthcare
ABT,Abbott Laboratories,Healthcare
ACAS,nomatch,Misc
ACC,"American Campus Communities, Inc.",Financial
ACIW,"ACI Worldwide, Inc.",Technology
ACM,AECOM,Services
ACN,Accenture plc,Technology
ACS,nomatch,Misc
ACV,nomatch,Misc
ADBE,Adobe Inc.,Technology
ADCT,nomatch,Misc
ADI,"Analog Devices, Inc.",Technology
ADM,Archer-Daniels-Midland Company,Consumer Goods
ADP,"Automatic Data Processing, Inc.",Technology
ADS,Alliance Data Systems Corporation,Services
ADSK,"Autodesk, Inc.",Technology
ADT,ADT Inc.,Services
AEE,Ameren Corporation,Utilities
AEO,"American Eagle Outfitters, Inc.",Services
AEP,"American Electric Power Company, Inc.",Utilities
AES,The AES Corporation,Utilities
AET,nomatch,Misc
AFG,"American Financial Group, Inc.",Financial
AFL,Aflac Incorporated,Financial
AGCO,AGCO Corporation,Industrial Goods
AGN,Allergan plc,Healthcare
WPI,nomatch,Misc
AHL,nomatch,Misc
AIG,"American International Group, Inc.",Financial
AIV,Apartment Investment and Management Company,Financial
AIZ,"Assurant, Inc.",Financial
AJG,Arthur J. Gallagher & Co.,Financial
AKAM,"Akamai Technologies, Inc.",Technology
AKRX,"Akorn, Inc.",Healthcare
ALB,Albemarle Corporation,Basic Materials
ALEX,"Alexander & Baldwin, Inc.",Financial
ALGN,"Align Technology, Inc.",Healthcare
ALK,"Alaska Air Group, Inc.",Services
ALL,The Allstate Corporation,Financial
ALLE,Allegion plc,Services
ALTR,Altair Engineering Inc.,Technology
ALXN,"Alexion Pharmaceuticals, Inc.",Healthcare
AMAT,"Applied Materials, Inc.",Technology
ABK,nomatch,Misc
AMCX,AMC Networks Inc.,Services
AMD,"Advanced Micro Devices, Inc.",Technology
AME,"AMETEK, Inc.",Industrial Goods
AMG,"Affiliated Managers Group, Inc.",Financial
AMGN,Amgen Inc.,Healthcare
AMP,"Ameriprise Financial, Inc.",Financial
AMSC,American Superconductor Corporation,Industrial Goods
AMT,American Tower Corporation (REIT),Financial
AMZN,"Amazon.com, Inc.",Services
AN,"AutoNation, Inc.",Services
TSO,nomatch,Misc
ANDW,nomatch,Misc
ANF,Abercrombie & Fitch Co.,Services
ANR,nomatch,Misc
ANSS,"ANSYS, Inc.",Technology
WLP,nomatch,Misc
AOC,nomatch,Misc
AOS,A. O. Smith Corporation,Industrial Goods
APA,Apache Corporation,Basic Materials
APC,nomatch,Misc
APD,"Air Products and Chemicals, Inc.",Basic Materials
APH,Amphenol Corporation,Technology
APOL,nomatch,Misc
APU,nomatch,Misc
ARE,"Alexandria Real Estate Equities, Inc.",Financial
ARG,nomatch,Misc
AA,Alcoa Corporation,Basic Materials
ARRS,ARRIS International plc,Technology
ARW,"Arrow Electronics, Inc.",Services
ASH,Ashland Global Holdings Inc.,Basic Materials
DV,nomatch,Misc
ATI,Allegheny Technologies Incorporated,Industrial Goods
ATVI,"Activision Blizzard, Inc.",Technology
AVB,"AvalonBay Communities, Inc.",Financial
AVGO,Broadcom Inc.,Technology
AVP,"Avon Products, Inc.",Consumer Goods
AVY,Avery Dennison Corporation,Consumer Goods
AW,nomatch,Misc
AWK,"American Water Works Company, Inc.",Utilities
AXP,American Express Company,Financial
AYE,nomatch,Misc
AYI,"Acuity Brands, Inc.",Technology
AZO,"AutoZone, Inc.",Services
BA,The Boeing Company,Industrial Goods
BAC,Bank of America Corporation,Financial
BAX,Baxter International Inc.,Healthcare
BBBY,Bed Bath & Beyond Inc.,Services
BBT,BB&T Corporation,Financial
BBY,"Best Buy Co., Inc.",Services
BC,Brunswick Corporation,Consumer Goods
BCR,nomatch,Misc
BDK,nomatch,Misc
BDX,"Becton, Dickinson and Company",Healthcare
FO,nomatch,Misc
BEN,"Franklin Resources, Inc.",Financial
BFB,nomatch,Misc
BHF,"Brighthouse Financial, Inc.",Financial
BHI,nomatch,Misc
BIG,"Big Lots, Inc.",Services
BIIB,Biogen Inc.,Healthcare
BJS,nomatch,Misc
BK,The Bank of New York Mellon Corporation,Financial
BKE,"The Buckle, Inc.",Services
PCLN,nomatch,Misc
BLK,"BlackRock, Inc.",Financial
BLL,Ball Corporation,Consumer Goods
BMC,nomatch,Misc
BMS,nomatch,Misc
BMY,Bristol-Myers Squibb Company,Healthcare
BNI,nomatch,Misc
BRCM,nomatch,Misc
BRK,nomatch,Misc
BRL,nomatch,Misc
BRLI,nomatch,Misc
BSC,nomatch,Misc
BSX,Boston Scientific Corporation,Healthcare
BTU,Peabody Energy Corporation,Basic Materials
BUD,Anheuser-Busch InBev SA/NV,Consumer Goods
BWA,BorgWarner Inc.,Consumer Goods
BXP,"Boston Properties, Inc.",Financial
C,Citigroup Inc.,Financial
CA,nomatch,Misc
CAG,"Conagra Brands, Inc.",Consumer Goods
CAH,"Cardinal Health, Inc.",Services
CAM,nomatch,Misc
CAT,Caterpillar Inc.,Industrial Goods
ACE,nomatch,Misc
CB,Chubb Limited,Financial
CBE,nomatch,Misc
CBOE,"Cboe Global Markets, Inc.",Financial
CBG,nomatch,Misc
CBS,CBS Corporation,Services
CCE,nomatch,Misc
CCE,nomatch,Misc
CCI,Crown Castle International Corp. (REIT),Technology
CCL,Carnival Corporation & Plc,Services
CCU,Compania Cervecerias Unidas S.A.,Consumer Goods
CDNS,"Cadence Design Systems, Inc.",Technology
CEG,nomatch,Misc
CELG,Celgene Corporation,Healthcare
CERN,Cerner Corporation,Technology
CF,"CF Industries Holdings, Inc.",Basic Materials
CFC,nomatch,Misc
CFG,"Citizens Financial Group, Inc.",Financial
CFN,nomatch,Misc
CHD,"Church & Dwight Co., Inc.",Consumer Goods
CHK,Chesapeake Energy Corporation,Basic Materials
CHRW,"C.H. Robinson Worldwide, Inc.",Services
CI,Cigna Corporation,Healthcare
CIEN,Ciena Corporation,Technology
CINF,Cincinnati Financial Corporation,Financial
CIT,CIT Group Inc.,Financial
CL,Colgate-Palmolive Company,Consumer Goods
CLF,Cleveland-Cliffs Inc.,Basic Materials
CLX,The Clorox Company,Consumer Goods
CMA,Comerica Incorporated,Financial
CMCS,nomatch,Misc
CME,CME Group Inc.,Financial
CMG,"Chipotle Mexican Grill, Inc.",Services
CMI,Cummins Inc.,Industrial Goods
CMS,CMS Energy Corporation,Utilities
CMVT,nomatch,Misc
CNC,Centene Corporation,Healthcare
CNO,"CNO Financial Group, Inc.",Financial
CNP,"CenterPoint Energy, Inc.",Utilities
CNX,CNX Resources Corporation,Basic Materials
COF,Capital One Financial Corporation,Financial
COG,Cabot Oil & Gas Corporation,Basic Materials
COL,nomatch,Misc
COO,"The Cooper Companies, Inc.",Healthcare
COP,ConocoPhillips,Basic Materials
COST,Costco Wholesale Corporation,Services
COTY,Coty Inc.,Consumer Goods
COV,nomatch,Misc
CPB,Campbell Soup Company,Consumer Goods
CPN,nomatch,Misc
KORS,nomatch,Misc
CPWR,nomatch,Misc
CR,Crane Co.,Industrial Goods
CRA,nomatch,Misc
CRM,"salesforce.com, inc.",Technology
CRVL,CorVel Corporation,Financial
CSCO,"Cisco Systems, Inc.",Technology
CSRA,nomatch,Misc
CSX,CSX Corporation,Services
CTAS,Cintas Corporation,Services
CTL,"CenturyLink, Inc.",Technology
CTSH,Cognizant Technology Solutions Corporation,Technology
CTX,nomatch,Misc
CTXS,"Citrix Systems, Inc.",Technology
CVC,nomatch,Misc
CVG,nomatch,Misc
CVH,nomatch,Misc
CVS,CVS Health Corporation,Healthcare
CVX,Chevron Corporation,Basic Materials
CXO,Concho Resources Inc.,Basic Materials
D,"Dominion Energy, Inc.",Utilities
DAL,"Delta Air Lines, Inc.",Services
DCI,"Donaldson Company, Inc.",Industrial Goods
DD,"DuPont de Nemours, Inc.",Basic Materials
DDS,"Dillard's, Inc.",Services
DE,Deere & Company,Industrial Goods
DELL,Dell Technologies Inc.,Technology
DF,Dean Foods Company,Consumer Goods
DFS,Discover Financial Services,Financial
DG,Dollar General Corporation,Services
DGX,Quest Diagnostics Incorporated,Healthcare
DHI,"D.R. Horton, Inc.",Industrial Goods
DHR,Danaher Corporation,Industrial Goods
DIS,The Walt Disney Company,Services
DISC,nomatch,Misc
DISH,DISH Network Corporation,Services
DLPH,Delphi Technologies PLC,Consumer Goods
DLR,"Digital Realty Trust, Inc.",Financial
DLTR,"Dollar Tree, Inc.",Services
DNB,nomatch,Misc
DNR,Denbury Resources Inc.,Basic Materials
DO,"Diamond Offshore Drilling, Inc.",Basic Materials
DOV,Dover Corporation,Industrial Goods
DPS,nomatch,Misc
DRE,Duke Realty Corporation,Financial
DRI,"Darden Restaurants, Inc.",Services
DTE,DTE Energy Company,Utilities
DTV,DTE Energy Company CORPORATE UNIT,Utilities
DUK,Duke Energy Corporation,Utilities
DVA,DaVita Inc.,Healthcare
DVN,Devon Energy Corporation,Basic Materials
DOW,Dow Inc.,Basic Materials
CSC,nomatch,Misc
DYN,nomatch,Misc
ERTS,nomatch,Misc
EBAY,eBay Inc.,Services
ECL,Ecolab Inc.,Basic Materials
ED,"Consolidated Edison, Inc.",Utilities
EDS,nomatch,Misc
EFX,Equifax Inc.,Financial
EIX,Edison International,Utilities
EL,The Estee Lauder Companies Inc.,Consumer Goods
EMC,nomatch,Misc
EMN,Eastman Chemical Company,Basic Materials
EMR,Emerson Electric Co.,Industrial Goods
ENDP,Endo International plc,Healthcare
EOG,"EOG Resources, Inc.",Basic Materials
EP,nomatch,Misc
EQ,"Equillium, Inc.",Healthcare
EQIX,"Equinix, Inc. (REIT)",Financial
EQR,Equity Residential,Financial
EQT,EQT Corporation,Basic Materials
NU,nomatch,Misc
ESRX,nomatch,Misc
ESS,"Essex Property Trust, Inc.",Financial
ESV,nomatch,Misc
ETFC,E*TRADE Financial Corporation,Financial
ETN,Eaton Corporation plc,Industrial Goods
ETR,Entergy Corporation,Utilities
EW,Edwards Lifesciences Corporation,Healthcare
EXC,Exelon Corporation,Utilities
EXPD,"Expeditors International of Washington, Inc.",Services
EXPE,"Expedia Group, Inc.",Services
EXR,Extra Space Storage Inc.,Financial
F,Ford Motor Company,Consumer Goods
FAST,Fastenal Company,Services
FB,"Facebook, Inc.",Technology
FBHS,"Fortune Brands Home & Security, Inc.",Consumer Goods
FCX,Freeport-McMoRan Inc.,Basic Materials
FDO,nomatch,Misc
FDS,FactSet Research Systems Inc.,Technology
FDX,FedEx Corporation,Services
FE,FirstEnergy Corp.,Utilities
FFIV,"F5 Networks, Inc.",Technology
FHN,First Horizon National Corporation,Financial
FII,"Federated Investors, Inc.",Financial
FIS,"Fidelity National Information Services, Inc.",Technology
FISV,"Fiserv, Inc.",Services
FITB,Fifth Third Bancorp,Financial
FL,"Foot Locker, Inc.",Consumer Goods
FLIR,"FLIR Systems, Inc.",Technology
FLR,Fluor Corporation,Industrial Goods
FLS,Flowserve Corporation,Industrial Goods
FMC,FMC Corporation,Basic Materials
FRE,nomatch,Misc
FNM,nomatch,Misc
FOSL,"Fossil Group, Inc.",Consumer Goods
NWS,News Corporation,Services
NWS,News Corporation,Services
NWS,News Corporation,Services
NWS,News Corporation,Services
FRT,Federal Realty Investment Trust,Financial
FRX,nomatch,Misc
FSLR,"First Solar, Inc.",Technology
FTI,TechnipFMC plc,Basic Materials
CZN,nomatch,Misc
FTV,Fortive Corporation,Technology
GAS,nomatch,Misc
GAS,nomatch,Misc
GCI,"Gannett Co., Inc.",Services
GCI,"Gannett Co., Inc.",Services
GCI,"Gannett Co., Inc.",Services
GCI,"Gannett Co., Inc.",Services
GD,General Dynamics Corporation,Industrial Goods
GE,General Electric Company,Industrial Goods
GENZ,nomatch,Misc
GGP,nomatch,Misc
GGP,nomatch,Misc
WPO,nomatch,Misc
GILD,"Gilead Sciences, Inc.",Healthcare
GIS,"General Mills, Inc.",Consumer Goods
GLAD,Gladstone Capital Corporation,Financial
GLW,Corning Incorporated,Technology
GM,General Motors Company,Consumer Goods
GM,General Motors Company,Consumer Goods
GM,General Motors Company,Consumer Goods
GM,General Motors Company,Consumer Goods
GME,GameStop Corp.,Services
GNW,"Genworth Financial, Inc.",Financial
GOOG,Alphabet Inc.,Technology
GPC,Genuine Parts Company,Services
GPN,Global Payments Inc.,Services
GPS,"The Gap, Inc.",Services
GR,nomatch,Misc
GRA,W. R. Grace & Co.,Basic Materials
GRMN,Garmin Ltd.,Technology
GS,"The Goldman Sachs Group, Inc.",Financial
GT,The Goodyear Tire & Rubber Company,Consumer Goods
GWW,"W.W. Grainger, Inc.",Services
HAL,Halliburton Company,Basic Materials
HAR,nomatch,Misc
HAS,"Hasbro, Inc.",Consumer Goods
HBAN,Huntington Bancshares Incorporated,Financial
HBI,Hanesbrands Inc.,Consumer Goods
HCA,"HCA Healthcare, Inc.",Healthcare
HCBK,nomatch,Misc
HCP,"HCP, Inc.",Financial
HD,"The Home Depot, Inc.",Services
HES,Hess Corporation,Basic Materials
HIBB,"Hibbett Sports, Inc.",Services
HIG,"The Hartford Financial Services Group, Inc.",Financial
HLT,Hilton Worldwide Holdings Inc.,Services
HNZ,nomatch,Misc
HOG,"Harley-Davidson, Inc.",Consumer Goods
HOLX,"Hologic, Inc.",Healthcare
HON,Honeywell International Inc.,Industrial Goods
HOT,nomatch,Misc
HP,"Helmerich & Payne, Inc.",Basic Materials
HPC,nomatch,Misc
HPE,Hewlett Packard Enterprise Company,Technology
HPQ,HP Inc.,Technology
HRB,"H&R Block, Inc.",Services
HRL,Hormel Foods Corporation,Consumer Goods
HRS,nomatch,Misc
SLE,nomatch,Misc
HSIC,"Henry Schein, Inc.",Services
HSP,nomatch,Misc
HST,"Host Hotels & Resorts, Inc.",Financial
HSY,The Hershey Company,Consumer Goods
HUM,Humana Inc.,Healthcare
IACI,nomatch,Misc
IBM,International Business Machines Corporation,Technology
ICE,"Intercontinental Exchange, Inc.",Financial
NYX,nomatch,Misc
IDXX,"IDEXX Laboratories, Inc.",Healthcare
IFF,International Flavors & Fragrances Inc.,Basic Materials
IGT,International Game Technology PLC,Services
ILMN,"Illumina, Inc.",Healthcare
INCY,Incyte Corporation,Healthcare
INFO,IHS Markit Ltd.,Services
INTC,Intel Corporation,Technology
INTU,Intuit Inc.,Technology
IP,International Paper Company,Consumer Goods
IPG,"The Interpublic Group of Companies, Inc.",Services
Q,nomatch,Misc
Q,nomatch,Misc
IR,Ingersoll-Rand Plc,Industrial Goods
IRM,Iron Mountain Incorporated,Technology
ISRG,"Intuitive Surgical, Inc.",Healthcare
IT,"Gartner, Inc.",Technology
ITT,ITT Inc.,Industrial Goods
ITW,Illinois Tool Works Inc.,Industrial Goods
IVZ,Invesco Ltd.,Financial
JAVA,nomatch,Misc
JBHT,"J.B. Hunt Transport Services, Inc.",Services
JBL,Jabil Inc.,Technology
JCI,Johnson Controls International plc,Consumer Goods
JCP,"J. C. Penney Company, Inc.",Services
JEC,Jacobs Engineering Group Inc.,Services
LUK,nomatch,Misc
JNJ,Johnson & Johnson,Healthcare
JNPR,"Juniper Networks, Inc.",Technology
JNS,nomatch,Misc
JNY,nomatch,Misc
JPM,JPMorgan Chase & Co.,Financial
JWN,"Nordstrom, Inc.",Services
K,Kellogg Company,Consumer Goods
LIZ,nomatch,Misc
KBH,KB Home,Industrial Goods
KEY,KeyCorp,Financial
KG,nomatch,Misc
KHC,The Kraft Heinz Company,Consumer Goods
KIM,Kimco Realty Corporation,Financial
KLAC,KLA Corporation,Technology
KMB,Kimberly-Clark Corporation,Consumer Goods
KMI,"Kinder Morgan, Inc.",Basic Materials
KMX,"CarMax, Inc.",Services
KO,The Coca-Cola Company,Consumer Goods
EK,nomatch,Misc
KR,The Kroger Co.,Services
KRFT,nomatch,Misc
KSS,Kohl's Corporation,Services
KSU,Kansas City Southern,Services
LTR,nomatch,Misc
LTD,nomatch,Misc
SAI,nomatch,Misc
LEG,"Leggett & Platt, Incorporated",Consumer Goods
LEH,nomatch,Misc
LEN,Lennar Corporation,Industrial Goods
LH,Laboratory Corporation of America Holdings,Healthcare
LIFE,"aTyr Pharma, Inc.",Healthcare
LKQ,LKQ Corporation,Consumer Goods
LLL,nomatch,Misc
LLTC,nomatch,Misc
LLY,Eli Lilly and Company,Healthcare
LM,"Legg Mason, Inc.",Financial
LMT,Lockheed Martin Corporation,Industrial Goods
LNC,Lincoln National Corporation,Financial
LNKD,nomatch,Misc
LNT,Alliant Energy Corporation,Utilities
LOW,"Lowe's Companies, Inc.",Services
LRCX,Lam Research Corporation,Technology
LSI,"Life Storage, Inc.",Financial
LSTR,"Landstar System, Inc.",Services
LUV,Southwest Airlines Co.,Services
LVLT,nomatch,Misc
LXK,nomatch,Misc
LYB,LyondellBasell Industries N.V.,Basic Materials
M,"Macy's, Inc.",Services
MA,Mastercard Incorporated,Financial
MAA,"Mid-America Apartment Communities, Inc.",Financial
MAC,Macerich Company,Financial
MAR,"Marriott International, Inc.",Services
MAS,Masco Corporation,Industrial Goods
MAT,"Mattel, Inc.",Consumer Goods
MBI,MBIA Inc.,Financial
MCD,McDonald's Corporation,Services
MCHP,Microchip Technology Incorporated,Technology
MCK,McKesson Corporation,Services
MCO,Moody's Corporation,Services
KFT,nomatch,Misc
MDP,Meredith Corporation,Services
MDT,Medtronic plc,Healthcare
MED,"Medifast, Inc.",Services
MER,nomatch,Misc
MET,"MetLife, Inc.",Financial
MFE,nomatch,Misc
MGM,MGM Resorts International,Services
MHK,"Mohawk Industries, Inc.",Consumer Goods
MHS,nomatch,Misc
MI,nomatch,Misc
MIL,nomatch,Misc
MJN,nomatch,Misc
MKC,"McCormick & Company, Incorporated",Consumer Goods
MLM,"Martin Marietta Materials, Inc.",Industrial Goods
MMC,"Marsh & McLennan Companies, Inc.",Financial
MMM,3M Company,Industrial Goods
MNK,Mallinckrodt plc,Healthcare
MNST,Monster Beverage Corporation,Consumer Goods
MNST,Monster Beverage Corporation,Consumer Goods
MNST,Monster Beverage Corporation,Consumer Goods
MNST,Monster Beverage Corporation,Consumer Goods
MO,"Altria Group, Inc.",Consumer Goods
MOLX,nomatch,Misc
MON,nomatch,Misc
MOS,The Mosaic Company,Basic Materials
MPC,Marathon Petroleum Corporation,Basic Materials
MRK,"Merck & Co., Inc.",Healthcare
MRO,Marathon Oil Corporation,Basic Materials
MS,Morgan Stanley,Financial
MSFT,Microsoft Corporation,Technology
MOT,nomatch,Misc
MTB,M&T Bank Corporation,Financial
MTD,Mettler-Toledo International Inc.,Healthcare
MTG,MGIC Investment Corporation,Financial
MTW,"The Manitowoc Company, Inc.",Industrial Goods
MU,"Micron Technology, Inc.",Technology
MUR,Murphy Oil Corporation,Basic Materials
MWV,nomatch,Misc
MYL,Mylan N.V.,Healthcare
NAV,Navistar International Corporation,Consumer Goods
NAVI,Navient Corporation,Financial
NBL,"Noble Energy, Inc.",Basic Materials
NBR,Nabors Industries Ltd.,Basic Materials
NCC,nomatch,Misc
NCLH,Norwegian Cruise Line Holdings Ltd.,Services
NDAQ,"Nasdaq, Inc.",Financial
NE,Noble Corporation plc,Basic Materials
FPL,First Trust New Opportunities MLP & Energy Fund,Financial
NEM,Newmont Goldcorp Corporation,Basic Materials
NFLX,"Netflix, Inc.",Services
NFX,nomatch,Misc
NI,NiSource Inc.,Utilities
NILE,nomatch,Misc
NKE,"NIKE, Inc.",Consumer Goods
NLSN,Nielsen Holdings plc,Technology
NOC,Northrop Grumman Corporation,Industrial Goods
NOV,"National Oilwell Varco, Inc.",Basic Materials
NOVL,nomatch,Misc
NRG,"NRG Energy, Inc.",Utilities
NSC,Norfolk Southern Corporation,Services
NSM,nomatch,Misc
NTAP,"NetApp, Inc.",Technology
NTRS,Northern Trust Corporation,Financial
NUE,Nucor Corporation,Basic Materials
NUS,"Nu Skin Enterprises, Inc.",Consumer Goods
NVDA,NVIDIA Corporation,Technology
NVLS,nomatch,Misc
NWL,Newell Brands Inc.,Consumer Goods
QSII,nomatch,Misc
NYT,The New York Times Company,Services
O,Realty Income Corporation,Financial
ODP,"Office Depot, Inc.",Services
OFLX,"Omega Flex, Inc.",Industrial Goods
OI,"Owens-Illinois, Inc.",Consumer Goods
OKE,"ONEOK, Inc.",Utilities
OMC,Omnicom Group Inc.,Services
OMX,nomatch,Misc
ORCL,Oracle Corporation,Technology
ORLY,"O'Reilly Automotive, Inc.",Services
OXY,Occidental Petroleum Corporation,Basic Materials
PAYX,"Paychex, Inc.",Services
PBCT,"People's United Financial, Inc.",Financial
PBG,nomatch,Misc
PBI,Pitney Bowes Inc.,Consumer Goods
PCAR,PACCAR Inc,Consumer Goods
PCG,PG&E Corporation,Utilities
PCL,nomatch,Misc
PCP,nomatch,Misc
PDCO,"Patterson Companies, Inc.",Services
PEG,Public Service Enterprise Group Incorporated,Utilities
PEP,"PepsiCo, Inc.",Consumer Goods
PETM,nomatch,Misc
PETS,"PetMed Express, Inc.",Healthcare
PFE,Pfizer Inc.,Healthcare
PFG,"Principal Financial Group, Inc.",Financial
PFIE,"Profire Energy, Inc.",Basic Materials
PG,The Procter & Gamble Company,Consumer Goods
PGN,nomatch,Misc
PGR,The Progressive Corporation,Financial
PH,Parker-Hannifin Corporation,Industrial Goods
PHM,"PulteGroup, Inc.",Industrial Goods
PKG,Packaging Corporation of America,Consumer Goods
PKI,"PerkinElmer, Inc.",Healthcare
PLD,"Prologis, Inc.",Financial
PLD,"Prologis, Inc.",Financial
PLD,"Prologis, Inc.",Financial
PLD,"Prologis, Inc.",Financial
PLL,Piedmont Lithium Limited,Basic Materials
PM,Philip Morris International Inc.,Consumer Goods
PNC,"The PNC Financial Services Group, Inc.",Financial
PNR,Pentair plc,Industrial Goods
PNW,Pinnacle West Capital Corporation,Utilities
POM,nomatch,Misc
PPG,"PPG Industries, Inc.",Basic Materials
PPL,PPL Corporation,Utilities
PRGO,Perrigo Company plc,Healthcare
PRU,"Prudential Financial, Inc.",Financial
PSA,Public Storage,Financial
PSX,Phillips 66,Basic Materials
PMTC,nomatch,Misc
PTV,nomatch,Misc
PVH,PVH Corp.,Consumer Goods
PWR,"Quanta Services, Inc.",Industrial Goods
PX,nomatch,Misc
PXD,Pioneer Natural Resources Company,Basic Materials
PYPL,"PayPal Holdings, Inc.",Financial
QCOM,QUALCOMM Incorporated,Technology
QLGC,nomatch,Misc
QRVO,"Qorvo, Inc.",Technology
R,"Ryder System, Inc.",Services
RAD,Rite Aid Corporation,Services
RAI,nomatch,Misc
ACXM,nomatch,Misc
RAVN,"Raven Industries, Inc.",Industrial Goods
RCL,Royal Caribbean Cruises Ltd.,Services
RDC,nomatch,Misc
RE,"Everest Re Group, Ltd.",Financial
REG,Regency Centers Corporation,Financial
REGN,"Regeneron Pharmaceuticals, Inc.",Healthcare
RF,Regions Financial Corporation,Financial
RHI,Robert Half International Inc.,Services
RHT,nomatch,Misc
RIG,Transocean Ltd.,Basic Materials
RJF,"Raymond James Financial, Inc.",Financial
RL,Ralph Lauren Corporation,Consumer Goods
RMD,ResMed Inc.,Healthcare
ROH,nomatch,Misc
ROK,"Rockwell Automation, Inc.",Industrial Goods
ROP,"Roper Technologies, Inc.",Industrial Goods
ROST,"Ross Stores, Inc.",Services
RRC,Range Resources Corporation,Basic Materials
RRD,R.R. Donnelley & Sons Company,Services
RSG,"Republic Services, Inc.",Industrial Goods
RSH,nomatch,Misc
RTN,Raytheon Company,Industrial Goods
RX,nomatch,Misc
S,Sprint Corporation,Technology
SAF,nomatch,Misc
SAM,"The Boston Beer Company, Inc.",Consumer Goods
SANM,Sanmina Corporation,Technology
SAPE,nomatch,Misc
SBAC,SBA Communications Corporation,Technology
SBL,nomatch,Misc
SBUX,Starbucks Corporation,Services
SCG,nomatch,Misc
SCHW,The Charles Schwab Corporation,Financial
SE,Sea Limited,Technology
SEE,Sealed Air Corporation,Consumer Goods
SGP,nomatch,Misc
SHLD,nomatch,Misc
SHW,The Sherwin-Williams Company,Basic Materials
SIAL,nomatch,Misc
SIG,Signet Jewelers Limited,Services
SII,nomatch,Misc
DDR,nomatch,Misc
SJM,The J. M. Smucker Company,Consumer Goods
SLB,Schlumberger Limited,Basic Materials
SLG,SL Green Realty Corp.,Financial
SLM,SLM Corporation,Financial
SNA,Snap-on Incorporated,Industrial Goods
SNDK,nomatch,Misc
SNI,nomatch,Misc
SNPS,"Synopsys, Inc.",Technology
SO,The Southern Company,Utilities
SOV,nomatch,Misc
SPG,"Simon Property Group, Inc.",Financial
MHP,nomatch,Misc
SPLS,nomatch,Misc
SRCL,"Stericycle, Inc.",Industrial Goods
SRE,Sempra Energy,Utilities
SSP,The E.W. Scripps Company,Services
STI,"SunTrust Banks, Inc.",Financial
STJ,nomatch,Misc
STR,nomatch,Misc
STT,State Street Corporation,Financial
STX,Seagate Technology plc,Technology
STZ,"Constellation Brands, Inc.",Consumer Goods
SUN,Sunoco LP,Basic Materials
WFR,nomatch,Misc
SVU,nomatch,Misc
SWK,"Stanley Black & Decker, Inc.",Industrial Goods
SWKS,"Skyworks Solutions, Inc.",Technology
SWN,Southwestern Energy Company,Basic Materials
SWY,nomatch,Misc
SYF,Synchrony Financial,Financial
SYK,Stryker Corporation,Healthcare
SYMC,Symantec Corporation,Technology
SYNT,nomatch,Misc
SYY,Sysco Corporation,Services
T,AT&T Inc.,Technology
TAP,Molson Coors Brewing Company,Consumer Goods
TDC,Teradata Corporation,Technology
TDG,TransDigm Group Incorporated,Industrial Goods
TE,nomatch,Misc
TEG,nomatch,Misc
TEL,TE Connectivity Ltd.,Technology
TER,"Teradyne, Inc.",Technology
TEX,Terex Corporation,Industrial Goods
TGT,Target Corporation,Services
THC,Tenet Healthcare Corporation,Healthcare
TIE,nomatch,Misc
TIF,Tiffany & Co.,Services
TIN,nomatch,Misc
TJX,"The TJX Companies, Inc.",Services
TKR,The Timken Company,Industrial Goods
TLAB,nomatch,Misc
TMK,nomatch,Misc
TMO,Thermo Fisher Scientific Inc.,Healthcare
COH,nomatch,Misc
TRIP,"TripAdvisor, Inc.",Technology
TROW,"T. Rowe Price Group, Inc.",Financial
TRV,"The Travelers Companies, Inc.",Financial
TSCO,Tractor Supply Company,Services
TSLA,"Tesla, Inc.",Consumer Goods
TSN,"Tyson Foods, Inc.",Consumer Goods
TSS,"Total System Services, Inc.",Financial
TT,nomatch,Misc
TWC,nomatch,Misc
TWTR,"Twitter, Inc.",Technology
TWX,nomatch,Misc
TXN,Texas Instruments Incorporated,Technology
TXT,Textron Inc.,Industrial Goods
TYC,nomatch,Misc
UA,"Under Armour, Inc.",Consumer Goods
UAL,"United Airlines Holdings, Inc.",Services
UDR,"UDR, Inc.",Financial
UG,"United-Guardian, Inc.",Consumer Goods
UHS,"Universal Health Services, Inc.",Healthcare
UIS,Unisys Corporation,Technology
ULTA,"Ulta Beauty, Inc.",Services
UNH,UnitedHealth Group Incorporated,Healthcare
UNM,Unum Group,Financial
UNP,Union Pacific Corporation,Services
UPS,"United Parcel Service, Inc.",Services
URBN,"Urban Outfitters, Inc.",Services
URI,"United Rentals, Inc.",Services
USB,U.S. Bancorp,Financial
UST,nomatch,Misc
UTX,United Technologies Corporation,Industrial Goods
V,Visa Inc.,Financial
VAR,"Varian Medical Systems, Inc.",Healthcare
VFC,V.F. Corporation,Consumer Goods
VIA,Viacom Inc.,Services
JDSU,nomatch,Misc
VIVO,"Meridian Bioscience, Inc.",Healthcare
VLO,Valero Energy Corporation,Basic Materials
VMC,Vulcan Materials Company,Industrial Goods
VNO,Vornado Realty Trust,Financial
VRSK,"Verisk Analytics, Inc.",Services
VRSN,"VeriSign, Inc.",Technology
VRTX,Vertex Pharmaceuticals Incorporated,Healthcare
VTR,"Ventas, Inc.",Financial
VZ,Verizon Communications Inc.,Technology
WAG,nomatch,Misc
WAT,Waters Corporation,Healthcare
WB,Weibo Corporation,Technology
WBA,"Walgreens Boots Alliance, Inc.",Services
WDC,Western Digital Corporation,Technology
WDR,"Waddell & Reed Financial, Inc.",Financial
WEC,"WEC Energy Group, Inc.",Utilities
HCN,nomatch,Misc
WEN,The Wendy's Company,Services
WFC,Wells Fargo & Company,Financial
WFMI,nomatch,Misc
WFT,nomatch,Misc
WHR,Whirlpool Corporation,Consumer Goods
WINA,Winmark Corporation,Services
WIN,"Windstream Holdings, Inc.",Technology
WLTW,Willis Towers Watson Public Limited Company,Financial
WM,"Waste Management, Inc.",Industrial Goods
WM,"Waste Management, Inc.",Industrial Goods
WM,"Waste Management, Inc.",Industrial Goods
WM,"Waste Management, Inc.",Industrial Goods
WMB,"The Williams Companies, Inc.",Basic Materials
WMT,Walmart Inc.,Services
WPX,"WPX Energy, Inc.",Basic Materials
WRK,WestRock Company,Consumer Goods
WU,The Western Union Company,Financial
WWY,nomatch,Misc
WY,Weyerhaeuser Company,Industrial Goods
WYE,nomatch,Misc
WYN,nomatch,Misc
WYNN,"Wynn Resorts, Limited",Services
X,United States Steel Corporation,Basic Materials
XEC,Cimarex Energy Co.,Basic Materials
XEL,Xcel Energy Inc.,Utilities
XL,nomatch,Misc
XLNX,"Xilinx, Inc.",Technology
XOM,Exxon Mobil Corporation,Basic Materials
XRAY,DENTSPLY SIRONA Inc.,Healthcare
XRX,Xerox Holdings Corporation,Technology
XTO,nomatch,Misc
XYL,Xylem Inc.,Industrial Goods
YHOO,nomatch,Misc
YUM,"YUM! Brands, Inc.",Services
ZMH,nomatch,Misc
ZION,"Zions Bancorporation, National Association",Financial
ZTS,Zoetis Inc.,Healthcare
